Country,Gold,Silver,Bronze,Total,GoldShare
United States,46,37,38,121,0.38
China,26,18,26,70,0.37
United Kingdom,27,23,17,67,0.4
Russia,19,18,19,56,0.34
France,10,18,14,42,0.24
Germany,17,10,15,42,0.4
Japan,12,8,21,41,0.29
Australia,8,11,10,29,0.28
Italy,8,12,8,28,0.29
Canada,4,3,15,22,0.18
South Korea,9,3,9,21,0.43
Brazil,7,6,6,19,0.37
Netherlands,8,7,4,19,0.42
Azerbaijan,1,7,10,18,0.06
New Zealand,4,9,5,18,0.22
Spain,7,4,6,17,0.41
Kazakhstan,3,5,9,17,0.18
Hungary,8,3,4,15,0.53
Denmark,2,6,7,15,0.13
Uzbekistan,4,2,7,13,0.31
Kenya,6,6,1,13,0.46
Ukraine,2,5,4,11,0.18
Cuba,5,2,4,11,0.45
Poland,2,3,6,11,0.18
Jamaica,6,3,2,11,0.55
Sweden,2,6,3,11,0.18
South Africa,2,6,2,10,0.2
Croatia,5,3,2,10,0.5
Czech Republic,1,2,7,10,0.1
